{
  "real": {
    "ret": 4.946307101709307,
    "sharpe": 0.44921928990422805
  },
  "shuffle_1": {
    "ret": 2.592681229507959,
    "sharpe": 0.25488614088445405
  },
  "shuffle_2": {
    "ret": 2.238563458077733,
    "sharpe": 0.21943984151726106
  },
  "shuffle_3": {
    "ret": 3.566076154453934,
    "sharpe": 0.3343669620971109
  }
}